,Sup & Soto,,,
,Soto Ayam Kampung Spesial,,"  35,000 ",https://drive.google.com/file/d/1WuuUTQ-hPe8UQ-3wQ8EO8UKaeWxSvwHz/view?usp=sharing
,Soto Sulung Khas Surabaya,,"  37,500 ",https://drive.google.com/file/d/1XzeiE1K-DotOEnujO82Zz3YSbbp1MWav/view?usp=sharing
,Soto Betawi ,,"  40,000 ",https://drive.google.com/file/d/1Y4SmgvZeAZzg285OWpecKeg5DLo26blh/view?usp=sharing
,Rawon Surabaya Komplit ,,"  40,000 ",https://drive.google.com/file/d/1XvMgQivcBoveBo3qbhmdWEsk_387x0x7/view?usp=sharing
,Paket Sup Buntut Rebus,,"  55,000 ",
,Paket Sup Buntut Goreng/Bakar,,"  60,000 ",
,Sup Kaki Kambing,,"  47,500 ",https://drive.google.com/file/d/1Hi88ZM_P73gmAyZJoZMeyIssQ2JUOI3p/view?usp=drivesdk
,,,,
,,,,
,Nasi Goreng,,,
,Nasi Goreng Kecombrang Istimewa,,"  37,500 ",https://drive.google.com/file/d/1YF52gVMIWGbUFRMlPQoQx-lDtZ_unUd_/view?usp=sharing
,Nasi Goreng Kampung Istimewa,,"  35,000 ",https://drive.google.com/file/d/1Y0hHtFr38ObOevSmD4fxMQ9uaHcuF-9e/view?usp=sharing
,Nasi Goreng Teri Sambal Ijo,,"  37,500 ",https://drive.google.com/file/d/1Y-wVxHCs9sansUy85j-eJyOqllPdW5HS/view?usp=sharing
,Nasi Goreng Suwir Tongkol Sambal Matah,,"  37,500 ",https://drive.google.com/file/d/1X1A8I_cvxXZAcqk-EVu6t1STC4tu0TMF/view?usp=sharing
,Nasi Goreng Bumbu Bali,,"  37,500 ",https://drive.google.com/file/d/1b6l7OsHQQByX-HnSTbhIXubtCUaZpUsL/view?usp=sharing
,,,,
,,,,
,PAKET NASI COMBO,,,
,Combo Hemat Ikan Sambal Matah,,"  37,500 ",https://drive.google.com/file/d/1b2Rd3kgFBwq7GtAQ0N44eeoL0iZjF4u4/view?usp=sharing
,Combo Hemat Ayam Cabai Ijo,,"  37,500 ",https://drive.google.com/file/d/1bCcWQgZwJ07fptnRF7Jd37_bQHvMlZd9/view?usp=sharing
,Combo Komplit Nasi Rames Ayam Woku Ikan Sambal Matah,,"  47,500 ",https://drive.google.com/file/d/1b6l7OsHQQByX-HnSTbhIXubtCUaZpUsL/view?usp=sharing
,Combo Komplit Ayam Kecap,,"  47,500 ",https://drive.google.com/file/d/1b4RTvGfE69TqbT-CV_qby_GlzjLvAAJI/view?usp=sharing
,Combo Komplit Ayam Woku Ikan Sambal Matah,,"  55,000 ",https://drive.google.com/file/d/1WrwB3jvJ05EUf_SnfdwLY5Kgx3TjTUMw/view?usp=sharing
,Combo Komplit Nasi Kerabu Ayam Percik,,"  50,000 ",https://drive.google.com/file/d/1rhmVm5oiJzP-O26Od46Nry1EmOQ2hWgO/view?usp=sharing
,Combo Komplit Tongseng Kambing,,"  45,000 ",https://drive.google.com/file/d/1XjvGVmVxpDbjmNqlXsgO-8Tngs4rSXeL/view?usp=sharing
,,,,
,Rice Bowl,,,
,Rice Bowl Rendang Sapi,,"38,000",https://drive.google.com/file/d/1m9LKgHu6uzLwk3Q3IkHDMR2v0AObG9oI/view?usp=drivesdk
,Rice Bowl Empal Daging Sapi,,"38,000",https://drive.google.com/file/d/1H_7j8cwUIBTehnyaVfMfE4tTWMrfQoN0/view?usp=drivesdk
,Rice Bowl Ayam Bumbu Bali,,"38,000",https://drive.google.com/file/d/1H_E4GUsW7bCuRTAzlUTbX0gowIDfBjx_/view?usp=drivesdk
,,,,
,MASAKAN BEKU,,,
,Rendang Sapi 350gr (Beku),,"  90,000 ",https://drive.google.com/file/d/1XtNLgzqWOYsHoiIdeOHjp4xKrtaaXkVg/view?usp=sharing
,Opor Ayam 4pcs (Beku),,"  50,000 ",https://drive.google.com/file/d/1XdwLDr0Zq3I7UkCCbOQekVclskVBW4mH/view?usp=sharing
,Ayam Bekakak Bumbu Bali Utuh (Beku),,"  110,000 ",https://drive.google.com/file/d/1Xi8WG_tkwEcdQ-OKgthxizzsqUnNdLRi/view?usp=sharing
,,,,
,MAKANAN RINGAN,,,
,Tempe Mendoan Ceria,,"  15,000 ",https://drive.google.com/file/d/1pmNDJeWXHtthtU9BCFx49tRm-M6u_x2g/view?usp=sharing
,Singkong Susu Thailand,,"  20,000 ",https://drive.google.com/file/d/1pmMClJSOswIzrHi2Ss-Wat6ztqaQbyLt/view?usp=sharing
,Singkong Goreng Rempah Crispy,,"  20,000 ",https://drive.google.com/file/d/1b8LlMcahw3tCw4HAVKoU29QgapVsGbh4/view?usp=sharing
,Kulit Ayam Krispy,,"  20,000 ",https://drive.google.com/file/d/1HmdZ8nN-Za7V24vPm4GZSCOhmYivqFKR/view?usp=drivesdk
,Tahu Gejrot,,"  15,000 ",https://drive.google.com/file/d/1HapEDNHG2TQ2mkG4V4pXWbKfHA-bg7_G/view?usp=drivesdk
,Pisang Goreng Wijen,,"20,000",
,,,,
,Lainnya,,,
,Nasi Putih,,"5,000",https://drive.google.com/file/d/1sg_rhJSDs6UXJZmrTwlkP5joJ9J5ANFW/view?usp=drivesdk
,Tongseng Kambing,,"45,000",
,Empal Alacarte,,"60,000",
,Telur Ceplok/Dadar,,"5,000",
range,Custom Hampers,,"100,000-500,000",https://drive.google.com/file/d/1Hw72dbaxnfjqbtsYCpP3I2xgmOmca5xk/view?usp=drivesdk